id,name,model_id:id,group_id:id,perm_read,perm_write,perm_create,perm_unlink
access_nhan_vien,nhan_vien.nhan_vien,model_nhan_vien,base.group_user,1,1,1,1
access_chuc_vu,chuc_vu.chuc_vu,model_chuc_vu,base.group_user,1,1,1,1
access_don_vi,don_vi.don_vi,model_don_vi,base.group_user,1,1,1,1
access_lich_su_cong_tac,lich_su_cong_tac.lich_su_cong_tac,model_lich_su_cong_tac,base.group_user,1,1,1,1
access_bang_cap,bang_cap.bang_cap,model_bang_cap,base.group_user,1,1,1,1
access_quan_ly_bang_cap,quan_ly_bang_cap.quan_ly_bang_cap,model_quan_ly_bang_cap,base.group_user,1,1,1,1
access_menu,menu.menu,model_menu,base.group_user,1,1,1,1
