id,name,model_id:id,group_id:id,perm_read,perm_write,perm_create,perm_unlink
access_khach_hang,access_khach_hang,model_khach_hang,base.group_user,1,1,1,1
access_khach_hang_tiem_nang,access_khach_hang_tiem_nang,model_khach_hang_tiem_nang,base.group_user,1,1,1,1
access_san_pham,access_san_pham,model_san_pham,base.group_user,1,1,1,1
access_don_hang,access_don_hang,model_don_hang,base.group_user,1,1,1,1
access_ho_tro,access_ho_tro,model_ho_tro,base.group_user,1,1,1,1
access_hop_dong,access_hop_dong,model_hop_dong,base.group_user,1,1,1,1
access_nhiem_vu,access_nhiem_vu,model_nhiem_vu,base.group_user,1,1,1,1

